age,sibsp,parch,fare,class,alone,survived,sex_male,deck_B,deck_C,deck_D,deck_E,deck_F,deck_G,embark_town_Queenstown,embark_town_Southampton
28.5,0.0,0,56.4958,2.0,1,1,1,0,1,0,0,0,0,0,1
28.5,0.0,0,0.0,1.0,1,0,1,0,1,0,0,0,0,0,1
28.5,0.0,0,65.6563,0.0,1,0,1,0,1,0,0,0,0,0,1
18.0,0.0,1,9.35,2.0,0,1,0,0,1,0,0,0,0,0,1
31.0,1.0,1,26.25,1.0,0,1,0,0,1,0,0,0,0,0,1
21.0,0.0,0,8.4333,2.0,1,0,1,0,1,0,0,0,0,0,1
26.0,0.0,0,56.4958,2.0,1,1,1,0,1,0,0,0,0,0,1
28.5,0.0,0,65.6563,0.0,1,0,1,0,1,0,0,0,0,0,0
28.5,0.0,0,7.75,2.0,1,1,1,0,1,0,0,0,0,1,0
31.0,1.0,0,18.0,2.0,0,0,0,0,1,0,0,0,0,0,1
56.0,0.0,0,35.5,0.0,1,1,1,0,0,0,0,0,0,0,0
21.0,1.0,0,9.825,2.0,0,0,0,0,1,0,0,0,0,0,1
28.5,2.5,2,65.6563,2.0,0,0,1,0,1,0,0,0,0,0,1
56.0,0.0,0,26.55,0.0,1,0,1,0,1,0,0,0,0,0,1
21.0,0.0,0,7.8,2.0,1,0,1,0,1,0,0,0,0,0,1
33.0,1.0,0,65.6563,0.0,0,1,0,0,1,0,0,0,0,1,0
21.0,0.0,0,7.7333,2.0,1,0,1,0,1,0,0,0,0,1,0
28.5,0.0,0,7.25,2.0,1,0,1,0,1,0,0,0,0,0,1
43.0,0.0,0,6.45,2.0,1,0,1,0,1,0,0,0,0,0,1
28.5,2.5,1,25.4667,2.0,0,0,0,0,1,0,0,0,0,0,1
30.0,1.0,0,16.1,2.0,0,0,1,0,1,0,0,0,0,0,1
32.0,0.0,0,65.6563,0.0,1,1,0,0,0,1,0,0,0,0,0
28.5,0.0,0,65.6563,0.0,1,1,0,0,1,0,0,0,0,0,0
19.0,0.0,0,10.5,1.0,1,1,1,0,1,0,0,0,0,0,1
24.0,0.0,0,7.8958,2.0,1,0,1,0,1,0,0,0,0,0,1
45.0,0.0,0,13.5,1.0,1,1,0,0,1,0,0,0,0,0,1
23.0,0.0,0,7.8958,2.0,1,0,1,0,1,0,0,0,0,0,1
42.0,0.0,1,8.4042,2.0,0,0,1,0,1,0,0,0,0,0,1
39.0,1.0,1,65.6563,0.0,0,1,0,0,0,0,1,0,0,0,0
16.0,0.0,0,8.05,2.0,1,1,1,0,1,0,0,0,0,0,1
28.5,0.0,0,7.8958,2.0,1,0,1,0,1,0,0,0,0,0,1
57.0,0.0,0,10.5,1.0,1,0,1,0,1,0,0,0,0,0,1
28.0,0.0,0,26.55,0.0,1,1,1,0,1,0,0,0,0,0,1
51.0,0.0,0,12.525,1.0,1,0,1,0,1,0,0,0,0,0,1
47.0,0.0,0,15.0,1.0,1,0,1,0,1,0,0,0,0,0,1
18.0,0.0,0,8.05,2.0,1,1,1,0,1,0,0,0,0,0,1
36.0,0.0,0,13.0,1.0,1,0,1,0,1,0,0,0,0,0,1
30.0,0.0,0,13.0,1.0,1,1,0,0,1,0,0,0,0,0,1
22.0,1.0,1,29.0,1.0,0,1,0,0,1,0,0,0,0,0,1
28.5,0.0,0,7.75,2.0,1,0,0,0,1,0,0,0,0,1,0
25.0,0.0,0,13.0,1.0,1,0,1,0,1,0,0,0,0,0,1
28.5,0.0,0,7.2292,2.0,1,0,1,0,1,0,0,0,0,0,0
32.0,0.0,0,13.0,1.0,1,1,0,0,1,0,0,0,0,0,1
28.5,0.0,0,7.775,2.0,1,1,1,0,1,0,0,0,0,0,1
19.0,1.0,0,7.8542,2.0,0,1,0,0,1,0,0,0,0,0,1
52.0,0.0,0,30.5,0.0,1,1,1,0,1,0,0,0,0,0,1
57.0,0.0,0,34.6542,0.0,1,0,1,0,0,0,0,0,0,0,0
32.0,0.0,0,7.925,2.0,1,0,1,0,1,0,0,0,0,0,1
19.0,0.0,0,7.65,2.0,1,0,1,0,0,0,0,1,0,0,1
28.5,1.0,0,15.5,2.0,0,0,1,0,1,0,0,0,0,1,0
22.0,0.0,0,9.8375,2.0,1,0,0,0,1,0,0,0,0,0,1
50.0,1.0,0,55.9,0.0,0,0,1,0,0,0,1,0,0,0,1
4.0,2.5,2,27.9,2.0,0,0,1,0,1,0,0,0,0,0,1
36.0,1.0,2,65.6563,0.0,0,1,0,1,0,0,0,0,0,0,1
19.0,1.0,0,53.1,0.0,0,0,1,0,0,1,0,0,0,0,1
30.0,0.0,0,31.0,0.0,1,1,0,0,1,0,0,0,0,0,0
28.5,0.0,0,56.4958,2.0,1,1,1,0,1,0,0,0,0,0,1
30.0,0.0,0,7.25,2.0,1,0,1,0,1,0,0,0,0,0,1
21.0,0.0,0,8.05,2.0,1,0,1,0,1,0,0,0,0,0,1
30.0,1.0,0,24.0,1.0,0,0,1,0,1,0,0,0,0,0,0
18.0,0.0,1,23.0,1.0,0,1,0,0,1,0,0,0,0,0,1
19.0,0.0,0,0.0,2.0,1,0,1,0,1,0,0,0,0,0,1
38.0,0.0,0,65.6563,0.0,1,1,0,0,1,0,0,0,0,0,0
10.0,2.5,2,27.9,2.0,0,0,1,0,1,0,0,0,0,0,1
28.5,0.0,0,0.0,1.0,1,0,1,0,1,0,0,0,0,0,1
29.0,1.0,1,10.4625,2.0,0,0,0,0,0,0,0,0,1,0,1
28.5,0.0,0,7.3125,2.0,1,0,1,0,1,0,0,0,0,0,1
28.0,1.0,0,15.85,2.0,0,0,1,0,1,0,0,0,0,0,1
39.0,1.0,5,31.275,2.0,0,0,0,0,1,0,0,0,0,0,1
2.0,0.0,1,10.4625,2.0,0,0,0,0,0,0,0,0,1,0,1
30.0,0.0,0,10.5,1.0,1,0,1,0,1,0,0,0,0,0,1
25.0,0.0,0,7.225,2.0,1,0,1,0,1,0,0,0,0,0,0
14.0,2.5,1,39.6875,2.0,0,0,1,0,1,0,0,0,0,0,1
35.0,1.0,0,52.0,0.0,0,1,0,0,1,0,0,0,0,0,1
17.0,0.0,2,65.6563,0.0,0,1,1,0,1,0,0,0,0,0,0
28.5,0.0,0,7.725,2.0,1,0,1,0,1,0,0,0,0,1,0
18.0,0.0,0,6.75,2.0,1,0,0,0,1,0,0,0,0,1,0
23.0,0.0,0,7.55,2.0,1,1,0,0,1,0,0,0,0,0,1
50.0,0.0,0,8.05,2.0,1,0,1,0,1,0,0,0,0,0,1
21.0,2.0,2,65.6563,0.0,0,1,0,1,0,0,0,0,0,0,0
57.0,0.0,0,65.6563,0.0,1,1,0,1,0,0,0,0,0,0,0
3.0,1.0,2,41.5792,1.0,0,1,0,0,1,0,0,0,0,0,0
13.0,0.0,1,19.5,1.0,0,1,0,0,1,0,0,0,0,0,1
57.0,0.0,0,12.35,1.0,1,0,1,0,1,0,0,0,0,1,0
16.0,0.0,0,26.0,1.0,1,0,1,0,1,0,0,0,0,0,1
28.5,0.0,0,7.75,2.0,1,1,0,0,1,0,0,0,0,1,0
57.0,1.0,1,39.0,1.0,0,0,1,0,1,0,0,0,0,0,1
22.0,0.0,0,65.6563,0.0,1,0,1,0,1,0,0,0,0,0,0
30.0,0.0,0,13.0,1.0,1,0,1,0,1,0,0,0,0,0,1
17.0,0.0,0,8.6625,2.0,1,0,1,0,1,0,0,0,0,0,1
25.0,0.0,0,7.8958,2.0,1,0,1,0,1,0,0,0,0,0,1
27.0,0.0,0,8.6625,2.0,1,1,1,0,1,0,0,0,0,0,1
36.0,0.0,0,0.0,2.0,1,0,1,0,1,0,0,0,0,0,1
28.5,0.0,0,8.05,2.0,1,0,0,0,1,0,0,0,0,0,1
28.5,0.0,0,7.2292,2.0,1,1,0,0,1,0,0,0,0,0,0
29.0,0.0,0,9.4833,2.0,1,0,1,0,1,0,0,0,0,0,1
30.0,0.0,0,65.6563,0.0,1,1,0,0,1,0,0,0,0,0,0
28.5,0.0,0,8.05,2.0,1,0,1,0,1,0,0,0,0,0,1
51.0,0.0,1,61.3792,0.0,0,0,1,0,1,0,0,0,0,0,0
16.0,0.0,0,7.7333,2.0,1,1,0,0,1,0,0,0,0,1,0
28.5,0.0,0,7.75,2.0,1,1,0,0,1,0,0,0,0,1,0
1.0,0.0,2,15.7417,2.0,0,1,0,0,1,0,0,0,0,0,0
22.0,0.0,0,7.7958,2.0,1,0,1,0,1,0,0,0,0,0,1
28.5,1.0,1,22.3583,2.0,0,1,0,0,0,0,0,1,0,0,0
7.0,2.5,1,29.125,2.0,0,0,1,0,1,0,0,0,0,1,0
28.5,0.0,0,30.5,0.0,1,1,1,0,1,0,0,0,0,0,1
28.5,1.0,0,7.75,2.0,0,0,1,0,1,0,0,0,0,1,0
33.0,1.0,0,53.1,0.0,0,1,0,0,0,0,1,0,0,0,1
7.0,2.5,1,39.6875,2.0,0,0,1,0,1,0,0,0,0,0,1
32.0,0.0,0,7.75,2.0,1,0,1,0,1,0,0,0,0,1,0
50.0,0.0,0,13.0,1.0,1,0,1,0,1,0,0,0,0,0,1
57.0,0.0,0,13.5,1.0,1,0,1,0,1,0,0,0,0,0,1
28.0,1.0,0,65.6563,0.0,0,0,1,0,1,0,0,0,0,0,0
28.5,0.0,0,8.05,2.0,1,0,1,0,1,0,0,0,0,0,1
57.0,0.0,0,26.55,0.0,1,0,1,0,1,0,0,0,0,0,1
17.0,0.0,0,14.4583,2.0,1,0,0,0,1,0,0,0,0,0,0
32.5,1.0,0,30.0708,1.0,0,0,1,0,1,0,0,0,0,0,0
21.0,0.0,0,65.6563,0.0,1,1,0,0,0,1,0,0,0,0,1
3.0,2.5,2,31.3875,2.0,0,1,1,0,1,0,0,0,0,0,1
19.0,0.0,0,10.5,1.0,1,0,1,0,1,0,0,0,0,0,1
24.0,2.0,3,18.75,1.0,0,1,0,0,1,0,0,0,0,0,1
18.0,0.0,2,65.6563,0.0,0,1,0,0,0,0,1,0,0,0,1
49.0,0.0,0,25.9292,0.0,1,1,0,0,0,1,0,0,0,0,1
41.0,0.0,2,20.2125,2.0,0,0,0,0,1,0,0,0,0,0,1
30.0,0.0,0,9.5,2.0,1,1,1,0,1,0,0,0,0,0,1
57.0,0.0,0,7.25,2.0,1,0,1,0,1,0,0,0,0,0,1
4.0,0.0,1,13.4167,2.0,0,1,0,0,1,0,0,0,0,0,0
28.5,0.0,2,15.2458,2.0,0,0,0,0,1,0,0,0,0,0,0
51.0,0.0,0,7.75,2.0,1,0,1,0,1,0,0,0,0,0,1
45.0,1.0,1,26.25,1.0,0,1,0,0,1,0,0,0,0,0,1
18.0,1.0,1,20.2125,2.0,0,0,1,0,1,0,0,0,0,0,1
28.5,2.5,2,65.6563,2.0,0,0,0,0,1,0,0,0,0,0,1
28.5,1.0,0,15.5,2.0,0,1,0,0,1,0,0,0,0,1,0
28.0,0.0,1,33.0,1.0,0,0,1,0,1,0,0,0,0,0,1
55.5,0.0,0,8.05,2.0,1,0,1,0,1,0,0,0,0,0,1
24.0,0.0,1,65.6563,0.0,0,0,1,1,0,0,0,0,0,0,0
28.5,0.0,0,0.0,0.0,1,0,1,0,1,0,0,0,0,0,1
28.5,1.0,0,16.1,2.0,0,1,0,0,1,0,0,0,0,0,1
28.5,1.0,2,23.45,2.0,0,0,1,0,1,0,0,0,0,0,1
28.5,2.5,2,65.6563,2.0,0,0,1,0,1,0,0,0,0,0,1
29.0,1.0,0,26.0,1.0,0,1,0,0,1,0,0,0,0,0,1
57.0,0.0,1,65.6563,0.0,0,1,0,0,1,0,0,0,0,0,1
26.0,0.0,0,7.925,2.0,1,1,0,0,1,0,0,0,0,0,1
44.0,0.0,1,57.9792,0.0,0,1,0,1,0,0,0,0,0,0,0
28.5,0.0,0,7.225,2.0,1,0,1,0,1,0,0,0,0,0,0
32.0,0.0,0,8.3625,2.0,1,0,1,0,1,0,0,0,0,0,1
26.0,0.0,0,10.5,1.0,1,0,1,0,1,0,0,0,0,0,1
16.0,0.0,0,8.05,2.0,1,0,1,0,1,0,0,0,0,0,1
19.0,0.0,0,7.775,2.0,1,0,1,0,1,0,0,0,0,0,1
28.5,0.0,0,7.8958,2.0,1,0,1,0,1,0,0,0,0,0,1
48.0,0.0,0,7.8542,2.0,1,0,1,0,1,0,0,0,0,0,1
28.5,0.0,0,7.75,2.0,1,0,1,0,1,0,0,0,0,1,0
9.0,2.5,2,46.9,2.0,0,0,1,0,1,0,0,0,0,0,1
35.0,1.0,0,65.6563,0.0,0,1,0,0,1,0,0,0,0,0,1
12.0,1.0,0,11.2417,2.0,0,1,1,0,1,0,0,0,0,0,0
31.0,0.0,0,7.8542,2.0,1,0,0,0,1,0,0,0,0,0,1
27.0,1.0,0,13.8583,1.0,0,1,0,0,1,0,0,0,0,0,0
43.0,0.0,1,65.6563,0.0,0,1,0,1,0,0,0,0,0,0,1
30.5,0.0,0,7.75,2.0,1,0,0,0,1,0,0,0,0,1,0
34.0,0.0,0,8.05,2.0,1,0,1,0,1,0,0,0,0,0,1
28.5,0.0,0,0.0,1.0,1,0,1,0,1,0,0,0,0,0,1
23.0,0.0,0,13.0,1.0,1,0,1,0,1,0,0,0,0,0,1
24.0,0.0,2,16.7,2.0,0,1,0,0,0,0,0,0,1,0,1
39.0,0.0,0,26.0,1.0,1,0,1,0,1,0,0,0,0,0,1
24.0,0.0,0,13.0,1.0,1,1,0,0,0,0,0,1,0,0,1
28.5,0.0,0,7.8292,2.0,1,0,1,0,1,0,0,0,0,1,0
1.0,2.0,1,19.2583,2.0,0,1,0,0,1,0,0,0,0,0,0
34.0,0.0,0,13.0,1.0,1,0,1,0,1,0,0,0,0,0,1
23.0,0.0,0,9.225,2.0,1,0,1,0,1,0,0,0,0,0,1
42.0,1.0,0,26.0,1.0,0,1,0,0,1,0,0,0,0,0,1
28.5,0.0,0,8.4583,2.0,1,0,1,0,1,0,0,0,0,1,0
22.0,0.0,0,8.05,2.0,1,0,1,0,1,0,0,0,0,0,1
1.0,0.0,2,29.0,1.0,0,1,1,0,1,0,0,0,0,0,1
28.5,0.0,0,7.55,2.0,1,0,0,0,1,0,0,0,0,0,1
52.0,0.0,0,13.5,1.0,1,0,1,0,1,0,0,0,0,0,1
17.0,1.0,0,7.0542,2.0,0,0,1,0,1,0,0,0,0,0,1
49.0,1.0,0,65.6563,0.0,0,1,1,0,1,0,0,0,0,0,0
44.0,0.0,0,7.925,2.0,1,1,1,0,1,0,0,0,0,0,1
6.0,0.0,1,12.475,2.0,0,1,1,0,0,0,1,0,0,0,1
57.0,0.0,0,26.0,0.0,1,0,1,0,1,0,0,0,0,0,1
18.0,0.0,0,7.775,2.0,1,0,0,0,1,0,0,0,0,0,1
19.0,0.0,0,14.5,2.0,1,0,1,0,1,0,0,0,0,0,1
26.0,1.0,2,20.575,2.0,0,0,1,0,1,0,0,0,0,0,1
43.0,1.0,1,26.25,1.0,0,0,1,0,1,0,0,0,0,0,1
28.5,0.0,0,24.15,2.0,1,0,1,0,1,0,0,0,0,1,0
23.0,0.0,0,7.925,2.0,1,0,0,0,1,0,0,0,0,0,1
16.0,2.5,1,39.6875,2.0,0,0,1,0,1,0,0,0,0,0,1
36.0,0.0,2,65.6563,0.0,0,1,0,1,0,0,0,0,0,0,1
22.0,0.0,1,55.0,0.0,0,1,0,0,0,0,1,0,0,0,1
19.0,0.0,0,7.8958,2.0,1,0,1,0,1,0,0,0,0,0,1
28.5,0.0,0,7.8792,2.0,1,1,0,0,1,0,0,0,0,1,0
47.0,0.0,0,9.0,2.0,1,0,1,0,1,0,0,0,0,0,1
40.0,0.0,0,15.75,1.0,1,1,0,0,1,0,0,0,0,0,1
20.0,1.0,0,9.825,2.0,0,0,0,0,1,0,0,0,0,0,1
36.0,1.0,0,26.0,1.0,0,1,0,0,1,0,0,0,0,0,1
18.0,1.0,1,7.8542,2.0,0,0,1,0,1,0,0,0,0,0,1
18.0,0.0,0,11.5,1.0,1,0,1,0,1,0,0,0,0,0,1
32.0,0.0,0,56.4958,2.0,1,1,1,0,1,0,0,0,0,0,1
33.0,0.0,0,7.8958,2.0,1,0,1,0,1,0,0,0,0,0,0
35.0,0.0,0,26.55,0.0,1,1,1,0,1,0,0,0,0,0,0
57.0,1.0,4,65.6563,0.0,0,0,1,0,1,0,0,0,0,0,1
52.0,1.0,1,65.6563,0.0,0,0,1,0,0,0,1,0,0,0,1
24.0,0.0,3,19.2583,2.0,0,1,0,0,1,0,0,0,0,0,0
57.0,0.0,0,6.2375,2.0,1,0,1,0,1,0,0,0,0,0,1
24.0,0.0,0,10.5,1.0,1,0,1,0,1,0,0,0,0,0,1
43.0,0.0,0,8.05,2.0,1,0,1,0,1,0,0,0,0,0,1
34.0,0.0,0,10.5,1.0,1,1,0,0,0,0,0,1,0,0,1
57.0,0.0,0,9.5875,2.0,1,1,0,0,1,0,0,0,0,0,1
24.0,0.0,0,65.6563,0.0,1,1,0,1,0,0,0,0,0,0,0
38.0,1.0,0,65.6563,0.0,0,1,0,0,1,0,0,0,0,0,0
21.0,0.0,0,7.25,2.0,1,0,1,0,1,0,0,0,0,0,1
45.0,1.0,1,65.6563,0.0,0,1,0,0,1,0,0,0,0,0,1
16.0,1.0,3,34.375,2.0,0,0,1,0,1,0,0,0,0,0,1
20.0,1.0,0,7.925,2.0,0,1,1,0,1,0,0,0,0,0,1
28.5,0.0,0,15.05,1.0,1,0,1,0,1,0,0,0,0,0,0
41.0,0.0,5,39.6875,2.0,0,0,0,0,1,0,0,0,0,0,1
30.0,0.0,0,13.0,1.0,1,0,1,0,1,0,0,0,0,0,1
29.0,0.0,0,8.05,2.0,1,0,1,0,1,0,0,0,0,0,1
3.0,2.5,1,21.075,2.0,0,0,0,0,1,0,0,0,0,0,1
3.0,1.0,1,26.0,1.0,0,1,1,0,0,0,0,1,0,0,1
54.0,1.0,0,26.0,1.0,0,0,1,0,1,0,0,0,0,0,1
28.0,2.0,0,7.925,2.0,0,0,1,0,1,0,0,0,0,0,1
36.0,0.0,0,7.4958,2.0,1,0,1,0,1,0,0,0,0,0,1
48.0,0.0,0,26.55,0.0,1,1,1,0,0,0,1,0,0,0,1
31.0,0.0,0,8.6833,2.0,1,1,0,0,1,0,0,0,0,0,1
26.0,0.0,0,7.8958,2.0,1,0,1,0,1,0,0,0,0,0,1
28.5,2.5,1,25.4667,2.0,0,0,1,0,1,0,0,0,0,0,1
1.0,0.0,1,8.5167,2.0,0,1,1,0,1,0,0,0,0,0,0
25.0,0.0,0,7.775,2.0,1,0,0,0,1,0,0,0,0,0,1
28.5,0.0,0,52.0,0.0,1,0,1,0,0,0,0,0,0,0,1
38.0,0.0,0,8.6625,2.0,1,0,1,0,1,0,0,0,0,0,1
28.5,0.0,0,8.05,2.0,1,0,1,0,1,0,0,0,0,0,1
28.5,1.0,1,15.2458,2.0,0,1,1,0,1,0,0,0,0,0,0
15.0,1.0,1,7.2292,2.0,0,0,1,0,1,0,0,0,0,0,0
35.0,0.0,0,26.0,1.0,1,0,1,0,1,0,0,0,0,0,1
28.5,0.0,0,7.775,2.0,1,0,1,0,1,0,0,0,0,0,1
24.0,0.0,0,65.6563,0.0,1,0,1,1,0,0,0,0,0,0,0
36.0,0.0,0,40.125,0.0,1,0,1,0,0,0,0,0,0,0,0
22.0,0.0,0,7.775,2.0,1,1,0,0,1,0,0,0,0,0,1
50.0,2.0,0,65.6563,0.0,0,1,1,0,1,0,0,0,0,0,1
28.5,0.0,0,7.75,2.0,1,0,1,0,1,0,0,0,0,1,0
45.5,0.0,0,7.225,2.0,1,0,1,0,1,0,0,0,0,0,0
33.0,0.0,0,7.775,2.0,1,0,1,0,1,0,0,0,0,0,1
19.0,0.0,0,7.8958,2.0,1,0,1,0,1,0,0,0,0,0,1
18.0,0.0,0,13.0,1.0,1,0,1,0,1,0,0,0,0,0,1
16.0,0.0,0,7.75,2.0,1,1,0,0,1,0,0,0,0,1,0
28.5,0.0,0,30.0,0.0,1,1,1,0,0,1,0,0,0,0,1
28.5,0.0,0,29.7,0.0,1,1,1,0,1,0,0,0,0,0,0
48.0,1.0,0,65.6563,0.0,0,1,1,0,0,1,0,0,0,0,0
22.0,0.0,0,7.8958,2.0,1,0,1,0,1,0,0,0,0,0,1
29.0,0.0,0,30.0,0.0,1,0,1,0,0,1,0,0,0,0,1
28.5,0.0,0,25.925,0.0,1,0,1,0,1,0,0,0,0,0,1
38.0,0.0,1,65.6563,0.0,0,0,1,0,1,0,0,0,0,0,1
44.0,0.0,0,8.05,2.0,1,0,1,0,1,0,0,0,0,0,1
3.0,1.0,1,18.75,1.0,0,1,1,0,1,0,0,0,0,0,1
18.0,1.0,0,65.6563,0.0,0,1,0,0,1,0,0,0,0,0,0
18.0,1.0,0,65.6563,0.0,0,0,1,0,1,0,0,0,0,0,0
28.5,1.0,0,24.15,2.0,0,0,1,0,1,0,0,0,0,1,0
2.0,2.5,1,21.075,2.0,0,0,1,0,1,0,0,0,0,0,1
35.0,0.0,0,65.6563,0.0,1,1,1,1,0,0,0,0,0,0,0
57.0,0.0,0,7.775,2.0,1,0,1,0,1,0,0,0,0,0,1
31.0,0.0,0,13.0,1.0,1,1,1,0,1,0,0,0,0,0,1
28.5,0.0,0,16.1,2.0,1,0,1,0,1,0,0,0,0,0,1
56.0,0.0,0,30.6958,0.0,1,0,1,0,0,0,0,0,0,0,0
26.0,1.0,0,7.8542,2.0,0,0,1,0,1,0,0,0,0,0,1
32.0,0.0,0,7.8542,2.0,1,1,1,0,1,0,0,0,0,0,1
28.5,0.0,0,7.2292,2.0,1,1,1,0,1,0,0,0,0,0,0
40.0,0.0,0,31.0,0.0,1,1,1,0,0,0,0,0,0,0,0
27.0,0.0,0,65.6563,0.0,1,1,1,0,0,1,0,0,0,0,0
28.5,0.0,0,15.5,2.0,1,0,1,0,1,0,0,0,0,1,0
38.0,0.0,0,7.8958,2.0,1,0,1,0,1,0,0,0,0,0,1
1.0,2.5,1,39.6875,2.0,0,0,1,0,1,0,0,0,0,0,1
28.5,0.0,0,0.0,1.0,1,0,1,0,1,0,0,0,0,0,1
28.5,0.0,0,7.7292,2.0,1,0,1,0,1,0,0,0,0,1,0
1.0,1.0,1,14.5,1.0,0,1,1,0,1,0,0,0,0,0,1
28.5,1.0,0,15.5,2.0,0,0,1,0,1,0,0,0,0,1,0
2.0,0.0,1,12.2875,2.0,0,1,0,0,1,0,0,0,0,0,1
18.0,0.0,0,9.8417,2.0,1,1,0,0,1,0,0,0,0,0,1
51.0,1.0,0,65.6563,0.0,0,1,0,0,0,1,0,0,0,0,1
29.0,1.0,0,27.7208,1.0,0,0,1,0,1,0,0,0,0,0,0
49.0,0.0,0,0.0,2.0,1,0,1,0,1,0,0,0,0,0,1
24.0,0.0,0,9.5,2.0,1,0,1,0,1,0,0,0,0,0,1
31.0,1.0,1,20.525,2.0,0,1,0,0,1,0,0,0,0,0,1
45.0,0.0,0,7.75,2.0,1,0,0,0,1,0,0,0,0,0,1
32.0,0.0,0,7.925,2.0,1,0,1,0,1,0,0,0,0,0,1
18.0,0.0,1,14.4542,2.0,0,0,0,0,1,0,0,0,0,0,0
44.0,1.0,0,26.0,1.0,0,0,0,0,1,0,0,0,0,0,1
47.0,1.0,1,52.5542,0.0,0,1,0,0,0,1,0,0,0,0,1
36.5,0.0,2,26.0,1.0,0,0,1,0,0,0,0,1,0,0,1
30.0,0.0,0,13.0,1.0,1,0,1,0,1,0,0,0,0,0,1
27.0,0.0,0,10.5,1.0,1,1,0,0,0,0,1,0,0,0,1
29.0,0.0,0,9.5,2.0,1,1,1,0,1,0,0,0,0,0,1
57.0,0.0,0,49.5042,0.0,1,0,1,0,1,0,0,0,0,0,0
52.0,1.0,1,65.6563,0.0,0,1,0,1,0,0,0,0,0,0,1
43.0,1.0,6,46.9,2.0,0,0,0,0,1,0,0,0,0,0,1
22.0,0.0,0,7.8958,2.0,1,0,1,0,1,0,0,0,0,0,1
28.5,2.0,0,23.25,2.0,0,1,0,0,1,0,0,0,0,1,0
28.5,0.0,1,55.0,0.0,0,1,0,0,0,0,1,0,0,0,1
26.0,0.0,0,7.8958,2.0,1,0,1,0,1,0,0,0,0,0,1
25.0,1.0,0,7.925,2.0,0,0,0,0,1,0,0,0,0,0,1
28.5,0.0,0,0.0,0.0,1,0,1,1,0,0,0,0,0,0,1
31.0,0.0,2,65.6563,0.0,0,1,0,0,1,0,0,0,0,0,1
45.0,0.0,0,8.05,2.0,1,1,1,0,1,0,0,0,0,0,1
22.0,0.0,0,7.25,2.0,1,0,1,0,1,0,0,0,0,0,1
49.0,1.0,0,65.6563,0.0,0,1,0,0,0,1,0,0,0,0,0
22.0,1.0,2,41.5792,1.0,0,1,0,0,1,0,0,0,0,0,0
4.0,0.0,2,22.025,2.0,0,1,0,0,1,0,0,0,0,0,1
29.0,0.0,2,15.2458,2.0,0,1,0,0,1,0,0,0,0,0,0
34.0,0.0,0,13.0,1.0,1,0,1,0,1,0,0,0,0,0,1
48.0,0.0,0,25.9292,0.0,1,1,0,0,0,1,0,0,0,0,1
27.0,1.0,0,21.0,1.0,0,0,0,0,1,0,0,0,0,0,1
54.0,1.0,0,59.4,0.0,0,1,0,0,1,0,0,0,0,0,0
28.5,0.0,0,13.8625,1.0,1,1,1,0,1,0,0,0,0,0,0
19.0,1.0,0,26.0,1.0,0,1,0,0,1,0,0,0,0,0,1
22.0,1.0,0,65.6563,0.0,0,1,0,0,1,0,0,0,0,0,1
45.5,0.0,0,28.5,0.0,1,0,1,0,1,0,0,0,0,0,1
28.5,0.0,0,27.7208,0.0,1,0,1,0,1,0,0,0,0,0,0
23.0,0.0,0,7.8542,2.0,1,0,1,0,1,0,0,0,0,0,1
30.0,0.0,0,8.05,2.0,1,0,1,0,1,0,0,0,0,0,1
28.5,0.0,0,7.2292,2.0,1,0,1,0,1,0,0,0,0,0,0
34.0,1.0,0,21.0,1.0,0,0,1,0,1,0,0,0,0,0,1
31.0,0.0,0,7.925,2.0,1,1,1,0,1,0,0,0,0,0,1
28.5,2.5,2,65.6563,2.0,0,0,1,0,1,0,0,0,0,0,1
40.0,1.0,4,27.9,2.0,0,0,1,0,1,0,0,0,0,0,1
28.5,0.0,0,7.75,2.0,1,1,0,0,1,0,0,0,0,1,0
32.0,0.0,0,10.5,1.0,1,0,1,0,1,0,0,0,0,0,1
20.0,0.0,0,9.225,2.0,1,0,1,0,1,0,0,0,0,0,1
27.0,0.0,2,65.6563,0.0,0,0,1,0,1,0,0,0,0,0,0
32.5,0.0,0,13.0,1.0,1,1,0,0,0,0,1,0,0,0,1
44.0,0.0,0,27.7208,0.0,1,1,0,1,0,0,0,0,0,0,0
23.0,0.0,0,15.0458,1.0,1,0,1,0,1,0,0,0,0,0,0
34.0,1.0,1,14.4,2.0,0,0,1,0,1,0,0,0,0,0,1
32.0,1.0,0,26.0,1.0,0,1,1,0,1,0,0,0,0,0,1
4.0,0.0,2,65.6563,0.0,0,1,1,0,0,0,0,0,0,0,1
2.0,2.5,2,31.275,2.0,0,0,0,0,1,0,0,0,0,0,1
28.5,0.0,0,0.0,1.0,1,0,1,0,1,0,0,0,0,0,1
25.0,0.0,0,13.0,1.0,1,0,1,0,1,0,0,0,0,0,1
24.0,0.0,0,8.05,2.0,1,0,1,0,1,0,0,0,0,0,1
21.0,0.0,0,8.6625,2.0,1,0,1,0,1,0,0,0,0,0,1
31.0,0.0,0,10.5,1.0,1,0,1,0,1,0,0,0,0,0,1
54.0,0.0,0,14.0,1.0,1,0,1,0,1,0,0,0,0,0,1
33.0,2.5,0,15.85,2.0,0,1,0,0,1,0,0,0,0,0,1
23.0,0.0,0,13.0,1.0,1,0,1,0,1,0,0,0,0,0,1
19.0,1.0,1,36.75,1.0,0,0,1,0,1,0,0,0,0,0,1
57.0,0.0,0,7.75,2.0,1,0,1,0,1,0,0,0,0,1,0
28.5,1.0,0,19.9667,2.0,0,0,1,0,1,0,0,0,0,0,1
42.0,0.0,0,13.0,1.0,1,1,0,0,1,0,0,0,0,0,1
18.0,0.0,0,11.5,1.0,1,0,1,0,1,0,0,0,0,0,1
27.0,0.0,0,13.0,1.0,1,0,1,0,1,0,0,0,0,0,1
54.0,0.0,1,65.6563,0.0,0,0,1,0,0,1,0,0,0,0,1
28.5,0.0,0,7.2292,2.0,1,0,1,0,1,0,0,0,0,0,0
47.0,0.0,0,52.0,0.0,1,0,1,0,1,0,0,0,0,0,1
11.0,2.5,2,46.9,2.0,0,0,1,0,1,0,0,0,0,0,1
21.0,2.0,0,65.6563,1.0,0,0,1,0,1,0,0,0,0,0,1
29.0,0.0,0,10.5,1.0,1,0,1,0,1,0,0,0,0,0,1
39.0,0.0,0,24.15,2.0,1,0,1,0,1,0,0,0,0,0,1
39.0,0.0,5,29.125,2.0,0,0,0,0,1,0,0,0,0,1,0
36.0,1.0,0,15.55,2.0,0,0,1,0,1,0,0,0,0,0,1
17.0,1.0,0,65.6563,0.0,0,1,0,0,1,0,0,0,0,0,0
28.5,0.0,0,8.6625,2.0,1,0,1,0,1,0,0,0,0,0,1
11.0,2.5,2,31.275,2.0,0,0,0,0,1,0,0,0,0,0,1
47.0,1.0,0,14.5,2.0,0,0,0,0,1,0,0,0,0,0,1
28.5,0.0,0,26.0,0.0,1,0,1,0,0,0,0,0,0,0,1
38.0,1.0,5,31.3875,2.0,0,1,0,0,1,0,0,0,0,0,1
28.5,0.0,0,12.35,1.0,1,1,0,0,0,0,1,0,0,1,0
19.0,0.0,0,30.0,0.0,1,1,0,1,0,0,0,0,0,0,1
48.0,1.0,0,39.6,0.0,0,1,0,0,0,0,0,0,0,0,0
28.5,0.0,0,7.7375,2.0,1,0,1,0,1,0,0,0,0,1,0
28.5,1.0,0,65.6563,0.0,0,1,0,1,0,0,0,0,0,0,0
40.0,0.0,0,0.0,0.0,1,0,1,1,0,0,0,0,0,0,1
31.0,0.0,0,7.775,2.0,1,0,1,0,1,0,0,0,0,0,1
8.0,2.5,1,21.075,2.0,0,0,0,0,1,0,0,0,0,0,1
26.0,0.0,0,18.7875,2.0,1,1,1,0,1,0,0,0,0,0,0
24.0,2.0,0,65.6563,1.0,0,0,1,0,1,0,0,0,0,0,1
22.0,0.0,0,7.2292,2.0,1,0,1,0,1,0,0,0,0,0,0
4.0,1.0,1,23.0,1.0,0,1,0,0,1,0,0,0,0,0,1
45.0,0.0,0,26.55,0.0,1,1,1,0,1,0,0,0,0,0,1
42.0,0.0,0,65.6563,0.0,1,1,0,0,1,0,0,0,0,0,0
32.0,0.0,0,30.5,0.0,1,1,1,1,0,0,0,0,0,0,0
51.0,0.0,0,8.05,2.0,1,0,1,0,1,0,0,0,0,0,1
14.5,1.0,0,14.4542,2.0,0,0,0,0,1,0,0,0,0,0,0
28.5,0.0,0,7.05,2.0,1,0,1,0,1,0,0,0,0,0,1
27.0,1.0,0,14.4542,2.0,0,0,1,0,1,0,0,0,0,0,0
28.5,0.0,0,26.55,0.0,1,0,1,0,1,0,0,0,0,0,1
8.0,2.5,1,29.125,2.0,0,0,1,0,1,0,0,0,0,1,0
42.0,1.0,0,27.0,1.0,0,0,1,0,1,0,0,0,0,0,1
40.0,1.0,1,65.6563,0.0,0,1,0,0,0,0,1,0,0,0,0
5.0,2.5,2,31.3875,2.0,0,1,0,0,1,0,0,0,0,0,1
30.0,0.0,0,7.8958,2.0,1,0,1,0,1,0,0,0,0,0,1
28.5,0.0,0,7.75,2.0,1,1,0,0,1,0,0,0,0,1,0
4.0,2.5,1,29.125,2.0,0,0,1,0,1,0,0,0,0,1,0
1.0,1.0,1,18.75,1.0,0,1,1,0,1,0,0,0,0,0,1
28.0,1.0,0,26.0,1.0,0,1,0,0,1,0,0,0,0,0,1
20.0,0.0,0,4.0125,2.0,1,0,1,0,1,0,0,0,0,0,0
28.5,0.0,0,7.225,2.0,1,0,1,0,1,0,0,0,0,0,0
28.5,0.0,0,30.6958,0.0,1,0,1,0,1,0,0,0,0,0,0
17.0,0.0,0,8.6625,2.0,1,0,1,0,1,0,0,0,0,0,1
28.5,0.0,0,8.7125,2.0,1,0,1,0,1,0,0,0,0,0,0
29.0,0.0,0,7.775,2.0,1,0,1,0,1,0,0,0,0,0,1
35.0,0.0,0,7.125,2.0,1,0,1,0,1,0,0,0,0,0,1
6.0,2.5,2,31.275,2.0,0,0,0,0,1,0,0,0,0,0,1
19.0,0.0,0,7.8792,2.0,1,1,0,0,1,0,0,0,0,1,0
21.0,0.0,0,7.8542,2.0,1,0,1,0,1,0,0,0,0,0,1
20.0,0.0,0,9.8458,2.0,1,0,1,0,1,0,0,0,0,0,1
7.0,0.0,2,26.25,1.0,0,1,0,0,1,0,0,0,0,0,1
39.0,0.0,0,7.925,2.0,1,1,1,0,1,0,0,0,0,0,1
26.0,1.0,0,14.4542,2.0,0,0,1,0,1,0,0,0,0,0,0
45.0,0.0,1,14.4542,2.0,0,0,0,0,1,0,0,0,0,0,0
33.0,1.0,1,20.525,2.0,0,0,1,0,1,0,0,0,0,0,1
2.0,1.0,1,26.0,1.0,0,1,1,0,0,0,0,1,0,0,1
28.5,1.0,0,65.6563,0.0,0,1,0,0,1,0,0,0,0,0,0
26.0,1.0,0,16.1,2.0,0,0,0,0,1,0,0,0,0,0,1
32.0,0.0,0,56.4958,2.0,1,1,1,0,1,0,0,0,0,0,1
35.0,0.0,0,65.6563,0.0,1,1,0,0,1,0,0,0,0,0,1
28.0,1.0,1,14.4,2.0,0,0,0,0,1,0,0,0,0,0,1
39.0,1.0,5,31.275,2.0,0,0,1,0,1,0,0,0,0,0,1
28.0,0.0,0,9.5,2.0,1,0,1,0,1,0,0,0,0,0,1
37.0,0.0,1,29.7,0.0,0,0,1,0,1,0,0,0,0,0,0
28.5,0.0,0,7.25,2.0,1,0,1,0,1,0,0,0,0,0,1
4.0,2.5,2,31.275,2.0,0,0,1,0,1,0,0,0,0,0,1
23.0,0.0,1,63.3583,0.0,0,1,1,0,0,1,0,0,0,0,0
38.0,0.0,0,7.05,2.0,1,0,1,0,1,0,0,0,0,0,1
25.0,0.0,0,7.05,2.0,1,0,1,0,1,0,0,0,0,0,1
29.0,0.0,0,10.5,1.0,1,1,0,0,0,0,0,1,0,0,1
54.0,0.0,0,51.8625,0.0,1,0,1,0,0,0,1,0,0,0,1
24.0,0.0,2,14.5,1.0,0,1,0,0,1,0,0,0,0,0,1
28.0,0.0,0,7.8958,2.0,1,0,1,0,1,0,0,0,0,0,1
28.5,0.0,2,22.3583,2.0,0,1,0,0,1,0,0,0,0,0,0
14.0,0.0,0,7.8542,2.0,1,0,0,0,1,0,0,0,0,0,1
41.0,0.0,1,19.5,1.0,0,1,0,0,1,0,0,0,0,0,1
28.5,0.0,0,14.5,2.0,1,0,1,0,1,0,0,0,0,0,1
50.0,0.0,0,10.5,1.0,1,1,0,0,1,0,0,0,0,0,1
28.5,0.0,0,7.2292,2.0,1,0,1,0,1,0,0,0,0,0,0
21.0,0.0,0,7.775,2.0,1,0,1,0,1,0,0,0,0,0,1
22.0,0.0,2,49.5,0.0,0,1,0,1,0,0,0,0,0,0,0
24.0,0.0,0,7.4958,2.0,1,0,1,0,1,0,0,0,0,0,1
21.0,0.0,0,10.5,1.0,1,1,0,0,1,0,0,0,0,0,1
51.0,0.0,0,7.0542,2.0,1,0,1,0,1,0,0,0,0,0,1
24.0,2.0,1,27.0,1.0,0,1,0,0,1,0,0,0,0,0,1
19.0,0.0,0,13.0,1.0,1,0,1,0,1,0,0,0,0,0,1
22.0,0.0,0,8.05,2.0,1,0,1,0,1,0,0,0,0,0,1
57.0,0.0,0,33.5,0.0,1,0,1,1,0,0,0,0,0,0,1
28.5,0.0,0,8.05,2.0,1,0,1,0,1,0,0,0,0,0,1
19.0,0.0,0,10.1708,2.0,1,0,1,0,1,0,0,0,0,0,1
28.5,0.0,0,8.05,2.0,1,0,1,0,1,0,0,0,0,0,1
22.0,0.0,0,7.75,2.0,1,1,0,0,1,0,0,0,0,1,0
28.0,0.0,0,22.525,2.0,1,0,1,0,1,0,0,0,0,0,1
54.0,1.0,3,23.0,1.0,0,1,0,0,1,0,0,0,0,0,1
41.0,0.0,0,7.125,2.0,1,0,1,0,1,0,0,0,0,0,1
28.5,0.0,0,7.2292,2.0,1,0,1,0,1,0,0,0,0,0,0
28.5,0.0,0,7.8958,2.0,1,0,1,0,1,0,0,0,0,0,0
21.0,1.0,0,11.5,1.0,0,0,1,0,1,0,0,0,0,0,1
40.0,1.0,1,39.0,1.0,0,1,0,0,1,0,0,0,0,0,1
36.0,0.0,0,10.5,1.0,1,0,1,0,1,0,0,0,0,0,1
29.0,1.0,0,26.0,1.0,0,1,0,0,1,0,0,0,0,0,1
15.0,1.0,0,14.4542,2.0,0,1,0,0,1,0,0,0,0,0,0
40.5,0.0,0,7.75,2.0,1,0,1,0,1,0,0,0,0,1,0
29.0,0.0,0,7.75,2.0,1,1,1,0,1,0,0,0,0,1,0
33.0,0.0,2,26.0,1.0,0,1,0,0,1,0,0,0,0,0,1
19.0,0.0,0,8.05,2.0,1,0,1,0,1,0,0,0,0,0,1
35.0,0.0,0,10.5,1.0,1,0,1,0,1,0,0,0,0,0,1
18.0,2.0,2,65.6563,0.0,0,1,0,1,0,0,0,0,0,0,0
18.0,1.0,0,17.8,2.0,0,0,0,0,1,0,0,0,0,0,1
28.5,0.0,0,42.4,0.0,1,0,1,0,1,0,0,0,0,0,1
28.5,0.0,0,7.7333,2.0,1,0,1,0,1,0,0,0,0,1,0
28.5,0.0,0,8.05,2.0,1,0,1,0,1,0,0,0,0,0,1
21.0,0.0,1,65.6563,0.0,0,0,1,0,0,1,0,0,0,0,1
28.5,0.0,0,7.8292,2.0,1,1,0,0,1,0,0,0,0,1,0
39.0,1.0,1,65.6563,0.0,0,1,0,0,1,0,0,0,0,0,0
20.0,0.0,0,7.8542,2.0,1,0,1,0,1,0,0,0,0,0,1
57.0,0.0,0,29.7,0.0,1,0,1,1,0,0,0,0,0,0,0
49.0,1.0,0,56.9292,0.0,0,1,1,0,0,0,0,0,0,0,0
5.0,2.0,1,19.2583,2.0,0,1,0,0,1,0,0,0,0,0,0
39.0,1.0,1,65.6563,0.0,0,1,0,0,0,0,1,0,0,0,1
17.0,0.0,0,8.6625,2.0,1,0,1,0,1,0,0,0,0,0,1
57.0,0.0,1,61.9792,0.0,0,0,1,1,0,0,0,0,0,0,0
28.5,1.0,0,65.6563,0.0,0,1,0,0,1,0,0,0,0,0,1
28.5,0.0,0,65.6563,0.0,1,1,0,0,1,0,0,0,0,0,0
21.0,0.0,0,8.05,2.0,1,0,1,0,1,0,0,0,0,0,1
31.0,0.0,0,50.4958,0.0,1,0,1,0,0,0,0,0,0,0,1
32.0,0.0,0,7.925,2.0,1,1,1,0,1,0,0,0,0,0,1
39.0,0.0,0,13.0,1.0,1,0,1,0,1,0,0,0,0,0,1
20.0,0.0,0,8.05,2.0,1,0,1,0,1,0,0,0,0,0,1
34.0,0.0,0,13.0,1.0,1,1,1,0,0,1,0,0,0,0,1
47.0,0.0,0,25.5875,0.0,1,0,1,0,0,0,1,0,0,0,1
36.0,0.0,0,26.2875,0.0,1,1,1,0,0,0,1,0,0,0,1
21.0,0.0,0,16.1,2.0,1,0,1,0,1,0,0,0,0,0,1
28.5,0.0,0,8.05,2.0,1,0,1,0,1,0,0,0,0,0,1
28.5,0.0,0,7.8958,2.0,1,0,1,0,1,0,0,0,0,0,1
30.0,0.0,0,8.6625,2.0,1,0,0,0,1,0,0,0,0,0,1
28.5,0.0,0,7.8958,2.0,1,0,1,0,1,0,0,0,0,0,1
28.5,0.0,0,7.225,2.0,1,0,1,0,1,0,0,0,0,0,0
33.0,0.0,0,8.6542,2.0,1,0,1,0,1,0,0,0,0,0,1
30.0,0.0,0,56.9292,0.0,1,1,0,0,0,0,1,0,0,0,0
1.0,2.0,1,39.0,1.0,0,1,1,0,0,0,0,1,0,0,1
20.0,0.0,0,8.6625,2.0,1,0,0,0,1,0,0,0,0,0,1
34.0,1.0,1,32.5,1.0,0,1,0,0,1,0,0,0,0,0,1
45.0,0.0,0,35.5,0.0,1,0,1,0,1,0,0,0,0,0,1
36.0,0.0,0,13.0,1.0,1,1,0,0,0,1,0,0,0,0,1
39.0,0.0,0,7.925,2.0,1,0,1,0,1,0,0,0,0,0,1
20.0,1.0,1,15.7417,2.0,0,1,1,0,1,0,0,0,0,0,0
34.5,0.0,0,6.4375,2.0,1,0,1,0,1,0,0,0,0,0,0
28.0,0.0,0,9.5,2.0,1,0,1,0,1,0,0,0,0,0,1
28.5,2.0,0,23.25,2.0,0,1,1,0,1,0,0,0,0,1,0
28.5,0.0,0,8.05,2.0,1,0,1,0,1,0,0,0,0,0,1
10.0,0.0,2,24.15,2.0,0,0,0,0,1,0,0,0,0,0,1
9.0,1.0,1,15.2458,2.0,0,0,0,0,1,0,0,0,0,0,0
28.5,0.0,0,7.8958,2.0,1,0,1,0,1,0,0,0,0,0,1
20.5,0.0,0,7.25,2.0,1,0,1,0,1,0,0,0,0,0,1
28.5,1.0,0,52.0,0.0,0,1,0,0,1,0,0,0,0,0,1
36.0,0.0,0,65.6563,0.0,1,1,0,0,1,0,0,0,0,0,0
28.5,0.0,0,8.05,2.0,1,0,1,0,1,0,0,0,0,0,1
28.5,0.0,0,7.55,2.0,1,0,1,0,1,0,0,0,0,0,1
20.0,0.0,0,8.6625,2.0,1,0,1,0,1,0,0,0,0,0,1
22.0,0.0,0,10.5167,2.0,1,0,0,0,1,0,0,0,0,0,1
39.0,0.0,0,13.0,1.0,1,0,1,0,1,0,0,0,0,0,1
37.0,0.0,0,9.5875,2.0,1,0,0,0,1,0,0,0,0,0,1
48.0,1.0,2,65.0,1.0,0,1,0,0,1,0,0,0,0,0,1
23.0,0.0,0,13.0,1.0,1,0,1,0,1,0,0,0,0,0,1
28.5,0.0,0,7.7375,2.0,1,1,0,0,1,0,0,0,0,1,0
57.0,0.0,0,10.5,1.0,1,0,1,0,1,0,0,0,0,0,1
32.0,1.0,1,15.5,2.0,0,0,0,0,1,0,0,0,0,1,0
16.0,1.0,1,20.25,2.0,0,0,1,0,1,0,0,0,0,0,1
21.0,0.0,0,65.6563,1.0,1,0,1,0,1,0,0,0,0,0,1
28.5,0.0,0,7.25,2.0,1,0,1,0,1,0,0,0,0,0,1
42.0,0.0,0,13.0,1.0,1,0,1,0,1,0,0,0,0,0,1
24.0,0.0,0,7.7958,2.0,1,0,1,0,1,0,0,0,0,0,1
22.0,0.0,0,7.75,2.0,1,1,0,0,1,0,0,0,0,0,1
40.0,0.0,0,7.225,2.0,1,0,1,0,1,0,0,0,0,0,0
1.0,1.0,2,65.6563,0.0,0,1,1,0,1,0,0,0,0,0,1
33.0,0.0,0,8.6625,2.0,1,0,1,0,1,0,0,0,0,0,0
18.0,0.0,0,7.775,2.0,1,0,1,0,1,0,0,0,0,0,1
28.0,0.0,0,56.4958,2.0,1,0,1,0,1,0,0,0,0,0,1
37.0,1.0,0,26.0,1.0,0,0,1,0,1,0,0,0,0,0,1
5.0,0.0,0,12.475,2.0,1,1,0,0,1,0,0,0,0,0,1
13.0,0.0,0,7.2292,2.0,1,1,0,0,1,0,0,0,0,0,0
27.0,0.0,0,26.0,1.0,1,0,1,0,1,0,0,0,0,0,1
38.0,0.0,0,13.0,1.0,1,0,0,0,1,0,0,0,0,0,1
42.0,0.0,0,7.55,2.0,1,0,1,0,1,0,0,0,0,0,1
3.0,1.0,1,15.9,2.0,0,1,1,0,1,0,0,0,0,0,1
28.0,0.0,0,12.65,1.0,1,1,0,0,1,0,0,0,0,0,1
50.0,0.0,1,65.6563,0.0,0,1,0,1,0,0,0,0,0,0,0
51.0,0.0,0,26.55,0.0,1,1,1,0,0,0,1,0,0,0,1
28.5,0.0,0,7.2292,2.0,1,0,1,0,1,0,0,0,0,0,0
26.0,0.0,0,65.6563,0.0,1,1,0,0,1,0,0,0,0,0,1
28.5,0.0,0,7.8958,2.0,1,0,1,0,1,0,0,0,0,0,1
24.0,0.0,0,49.5042,0.0,1,1,0,0,1,0,0,0,0,0,0
42.0,1.0,0,52.5542,0.0,0,1,1,0,0,1,0,0,0,0,1
42.0,0.0,0,26.2875,0.0,1,1,1,0,0,0,1,0,0,0,1
28.5,0.0,0,7.8958,2.0,1,0,1,0,1,0,0,0,0,0,1
36.0,1.0,2,27.75,1.0,0,0,1,0,1,0,0,0,0,0,1
19.0,0.0,2,26.2833,0.0,0,1,0,0,0,1,0,0,0,0,1
28.5,2.5,2,65.6563,2.0,0,0,0,0,1,0,0,0,0,0,1
57.0,0.0,0,26.55,0.0,1,0,1,0,0,0,1,0,0,0,1
15.0,0.0,0,8.0292,2.0,1,1,0,0,1,0,0,0,0,1,0
28.5,0.0,0,7.225,2.0,1,1,0,0,1,0,0,0,0,0,0
46.0,0.0,0,65.6563,0.0,1,0,1,1,0,0,0,0,0,0,0
28.0,0.0,0,47.1,0.0,1,0,1,0,1,0,0,0,0,0,1
50.0,0.0,1,26.0,1.0,0,1,0,0,1,0,0,0,0,0,1
19.0,1.0,0,65.6563,0.0,0,1,0,1,0,0,0,0,0,0,0
28.5,1.0,0,24.15,2.0,0,1,0,0,1,0,0,0,0,1,0
25.0,1.0,0,55.4417,0.0,0,1,1,0,0,0,1,0,0,0,0
57.0,0.0,0,65.6563,0.0,1,1,0,1,0,0,0,0,0,0,1
27.0,1.0,0,53.1,0.0,0,1,1,0,0,0,1,0,0,0,1
35.0,1.0,0,65.6563,0.0,0,1,0,0,1,0,0,0,0,0,1
28.5,0.0,0,15.1,2.0,1,0,1,0,1,0,0,0,0,0,1
42.0,0.0,0,7.65,2.0,1,0,1,0,0,0,0,1,0,0,1
28.5,0.0,0,7.8958,2.0,1,0,1,0,1,0,0,0,0,0,0
28.5,1.0,0,51.8625,0.0,0,1,0,0,0,1,0,0,0,0,1
24.0,0.0,0,7.05,2.0,1,0,1,0,1,0,0,0,0,0,1
24.0,0.0,0,7.1417,2.0,1,1,1,0,1,0,0,0,0,0,1
4.0,2.0,1,39.0,1.0,0,1,0,0,0,0,0,1,0,0,1
28.0,0.0,0,13.0,1.0,1,1,0,0,1,0,0,0,0,0,1
18.0,0.0,0,65.6563,1.0,1,0,1,0,1,0,0,0,0,0,1
27.0,0.0,2,11.1333,2.0,0,1,0,0,1,0,0,0,0,0,1
28.5,0.0,0,39.6,0.0,1,0,1,0,1,0,0,0,0,0,0
14.0,2.5,2,46.9,2.0,0,0,1,0,1,0,0,0,0,0,1
28.0,1.0,0,24.0,1.0,0,1,0,0,1,0,0,0,0,0,0
22.0,0.0,0,9.35,2.0,1,0,1,0,1,0,0,0,0,0,1
37.0,1.0,1,52.5542,0.0,0,1,1,0,0,1,0,0,0,0,1
47.0,0.0,0,7.25,2.0,1,0,1,0,1,0,0,0,0,0,1
28.5,0.0,0,14.5,2.0,1,0,1,0,1,0,0,0,0,0,1
28.0,0.0,0,13.0,1.0,1,0,1,0,1,0,0,0,0,0,1
36.0,1.0,1,24.15,2.0,0,0,1,0,1,0,0,0,0,0,1
20.0,0.0,0,7.2292,2.0,1,1,1,0,1,0,0,0,0,0,0
55.0,0.0,0,16.0,1.0,1,1,0,0,1,0,0,0,0,0,1
28.5,2.5,1,25.4667,2.0,0,0,0,0,1,0,0,0,0,0,1
22.0,0.0,0,7.125,2.0,1,0,1,0,1,0,0,0,0,0,1
57.0,0.0,0,10.5,1.0,1,0,0,0,0,0,1,0,0,0,1
29.0,1.0,0,7.0458,2.0,0,0,1,0,1,0,0,0,0,0,1
26.0,2.0,0,8.6625,2.0,0,0,1,0,1,0,0,0,0,0,1
28.5,0.0,0,8.05,2.0,1,0,1,0,1,0,0,0,0,0,1
39.0,1.0,0,55.9,0.0,0,1,0,0,0,0,1,0,0,0,1
32.0,0.0,0,7.8958,2.0,1,0,1,0,1,0,0,0,0,0,1
30.0,0.0,0,12.475,2.0,1,1,0,0,1,0,0,0,0,0,1
38.0,0.0,0,65.6563,0.0,1,1,0,1,0,0,0,0,0,0,1
28.5,0.0,0,7.8958,2.0,1,0,1,0,1,0,0,0,0,0,1
18.0,0.0,0,7.4958,2.0,1,1,0,0,1,0,0,0,0,0,1
24.0,1.0,2,65.0,1.0,0,1,0,0,1,0,0,0,0,0,1
4.0,1.0,1,16.7,2.0,0,1,0,0,0,0,0,0,1,0,1
22.0,0.0,0,7.25,2.0,1,1,0,0,1,0,0,0,0,0,1
28.5,0.0,0,7.8792,2.0,1,1,0,0,1,0,0,0,0,1,0
23.0,0.0,0,10.5,1.0,1,0,1,0,1,0,0,0,0,0,1
18.0,0.0,0,7.7958,2.0,1,0,1,0,1,0,0,0,0,0,1
28.5,0.0,0,31.0,0.0,1,0,1,0,1,0,0,0,0,0,1
33.0,0.0,0,7.8958,2.0,1,0,1,0,1,0,0,0,0,0,1
8.0,0.0,2,26.25,1.0,0,1,0,0,1,0,0,0,0,0,1
22.0,1.0,0,7.25,2.0,0,0,1,0,1,0,0,0,0,0,1
36.0,0.0,0,26.3875,0.0,1,1,1,0,0,0,1,0,0,0,1
25.0,0.0,0,13.0,1.0,1,0,1,0,1,0,0,0,0,0,1
19.0,0.0,0,8.05,2.0,1,1,1,0,1,0,0,0,0,0,1
28.5,1.0,2,23.45,2.0,0,0,0,0,1,0,0,0,0,0,1
36.0,1.0,2,65.6563,0.0,0,1,1,1,0,0,0,0,0,0,1
23.0,2.0,1,11.5,1.0,0,0,1,0,1,0,0,0,0,0,1
29.0,0.0,4,21.075,2.0,0,0,0,0,1,0,0,0,0,0,1
1.0,1.0,1,11.1333,2.0,0,1,0,0,1,0,0,0,0,0,1
35.0,0.0,0,7.8958,2.0,1,0,1,0,1,0,0,0,0,0,0
29.0,1.0,0,21.0,1.0,0,0,1,0,1,0,0,0,0,0,1
44.0,1.0,0,26.0,1.0,0,0,1,0,1,0,0,0,0,0,1
36.0,1.0,0,65.6563,0.0,0,0,1,0,1,0,0,0,0,0,1
28.5,0.0,0,7.8958,2.0,1,0,1,0,1,0,0,0,0,0,1
28.5,0.0,0,6.95,2.0,1,0,1,0,1,0,0,0,0,1,0
21.0,0.0,0,7.7958,2.0,1,1,1,0,1,0,0,0,0,0,1
16.0,0.0,0,9.5,2.0,1,0,1,0,1,0,0,0,0,0,1
6.0,0.0,1,33.0,1.0,0,1,0,0,1,0,0,0,0,0,1
32.0,0.0,0,8.05,2.0,1,1,1,0,0,0,1,0,0,0,1
38.0,0.0,0,0.0,0.0,1,0,1,0,1,0,0,0,0,0,1
26.0,1.0,1,26.0,1.0,0,0,0,0,1,0,0,0,0,0,1
54.0,1.0,0,65.6563,0.0,0,1,0,0,0,1,0,0,0,0,0
28.5,0.0,0,50.0,0.0,1,0,1,0,0,0,0,0,0,0,1
40.0,0.0,0,27.7208,0.0,1,0,1,0,1,0,0,0,0,0,0
42.0,0.0,0,13.0,1.0,1,1,1,0,1,0,0,0,0,0,1
28.0,0.0,0,7.8542,2.0,1,0,1,0,1,0,0,0,0,0,1
35.0,1.0,0,53.1,0.0,0,1,0,0,1,0,0,0,0,0,1
18.0,1.0,0,6.4958,2.0,0,0,1,0,1,0,0,0,0,0,1
18.0,0.0,0,8.3,2.0,1,0,1,0,1,0,0,0,0,0,1
9.0,2.5,2,31.3875,2.0,0,0,1,0,1,0,0,0,0,0,1
36.0,0.0,0,7.8958,2.0,1,0,1,0,1,0,0,0,0,0,1
2.0,2.5,2,27.9,2.0,0,0,0,0,1,0,0,0,0,0,1
25.0,0.0,0,7.05,2.0,1,0,1,0,1,0,0,0,0,0,1
54.0,0.0,0,26.0,1.0,1,0,1,0,1,0,0,0,0,0,1
9.0,2.0,2,34.375,2.0,0,0,0,0,1,0,0,0,0,0,1
57.0,0.0,0,30.0,0.0,1,1,1,0,0,0,0,0,0,0,1
40.0,0.0,0,65.6563,0.0,1,1,0,0,1,0,0,0,0,0,1
41.0,0.0,0,65.6563,0.0,1,1,0,0,0,0,1,0,0,0,0
24.0,1.0,0,26.0,1.0,0,1,0,0,1,0,0,0,0,0,1
22.0,0.0,0,9.0,2.0,1,0,1,0,1,0,0,0,0,0,1
17.0,1.0,0,57.0,0.0,0,1,0,1,0,0,0,0,0,0,1
45.0,1.0,4,27.9,2.0,0,0,0,0,1,0,0,0,0,0,1
20.0,0.0,0,7.05,2.0,1,0,1,0,1,0,0,0,0,0,1
52.0,1.0,0,65.6563,0.0,0,1,0,0,0,1,0,0,0,0,0
35.0,0.0,0,7.05,2.0,1,0,1,0,1,0,0,0,0,0,1
30.0,0.0,0,7.2292,2.0,1,0,1,0,1,0,0,0,0,0,0
28.5,2.0,0,21.6792,2.0,0,0,1,0,1,0,0,0,0,0,0
38.0,1.0,0,65.6563,0.0,0,1,1,0,1,0,0,0,0,0,1
28.5,1.0,0,14.4542,2.0,0,0,0,0,1,0,0,0,0,0,0
39.0,0.0,0,0.0,0.0,1,0,1,0,0,0,0,0,0,0,1
31.0,1.0,0,65.6563,0.0,0,1,0,0,0,1,0,0,0,0,0
22.0,0.0,0,7.5208,2.0,1,0,1,0,1,0,0,0,0,0,1
20.0,0.0,0,7.925,2.0,1,0,1,0,1,0,0,0,0,0,1
22.0,0.0,0,65.6563,0.0,1,1,0,0,1,0,0,0,0,0,1
26.0,0.0,0,7.8542,2.0,1,1,0,0,1,0,0,0,0,0,1
15.0,0.0,0,7.225,2.0,1,1,0,0,1,0,0,0,0,0,0
32.0,1.0,0,15.85,2.0,0,0,1,0,1,0,0,0,0,0,1
30.0,0.0,0,65.6563,0.0,1,1,0,1,0,0,0,0,0,0,1
34.0,0.0,1,23.0,1.0,0,1,0,0,1,0,0,0,0,0,1
28.5,0.0,0,7.75,2.0,1,1,0,0,1,0,0,0,0,1,0
1.0,1.0,2,20.575,2.0,0,1,1,0,1,0,0,0,0,0,1
28.0,0.0,0,13.5,1.0,1,0,1,0,1,0,0,0,0,0,1
30.0,0.0,0,65.6563,0.0,1,1,0,1,0,0,0,0,0,0,1
22.0,0.0,0,7.25,2.0,1,0,1,0,1,0,0,0,0,0,1
21.0,2.0,2,34.375,2.0,0,0,0,0,1,0,0,0,0,0,1
36.0,0.0,0,12.875,1.0,1,0,1,0,0,1,0,0,0,0,0
40.0,0.0,0,7.8958,2.0,1,0,1,0,1,0,0,0,0,0,1
1.0,0.0,2,37.0042,1.0,0,1,1,0,1,0,0,0,0,0,0
40.0,1.0,1,15.5,2.0,0,0,1,0,1,0,0,0,0,1,0
28.0,0.0,0,7.8958,2.0,1,0,0,0,1,0,0,0,0,0,1
40.0,0.0,0,13.0,1.0,1,1,0,0,1,0,0,0,0,0,1
28.5,0.0,0,7.7333,2.0,1,1,0,0,1,0,0,0,0,1,0
27.0,0.0,0,7.8958,2.0,1,0,1,0,1,0,0,0,0,0,1
24.0,0.0,0,65.6563,0.0,1,1,0,0,1,0,0,0,0,0,0
5.0,1.0,2,27.75,1.0,0,1,0,0,1,0,0,0,0,0,1
34.0,0.0,0,6.4958,2.0,1,0,1,0,1,0,0,0,0,0,1
23.0,1.0,0,65.6563,0.0,0,1,0,0,0,1,0,0,0,0,0
57.0,0.0,0,7.75,2.0,1,0,1,0,1,0,0,0,0,1,0
17.0,2.5,2,7.925,2.0,0,1,0,0,1,0,0,0,0,0,1
16.0,0.0,1,57.9792,0.0,0,1,0,1,0,0,0,0,0,0,0
19.0,0.0,0,8.1583,2.0,1,0,1,0,1,0,0,0,0,0,1
25.0,0.0,0,7.25,2.0,1,0,1,0,1,0,0,0,0,0,1
25.0,1.0,2,65.6563,0.0,0,0,0,0,1,0,0,0,0,0,1
42.0,1.0,0,52.0,0.0,0,0,1,0,1,0,0,0,0,0,1
21.0,0.0,0,7.925,2.0,1,0,1,0,1,0,0,0,0,0,1
28.5,0.0,0,7.8958,2.0,1,0,1,0,1,0,0,0,0,0,1
28.5,0.0,0,0.0,1.0,1,0,1,0,1,0,0,0,0,0,1
15.0,0.0,1,65.6563,0.0,0,1,0,1,0,0,0,0,0,0,1
45.0,0.0,0,6.975,2.0,1,0,1,0,1,0,0,0,0,0,1
28.5,1.0,0,19.9667,2.0,0,0,1,0,1,0,0,0,0,0,1
25.0,1.0,0,7.775,2.0,0,1,1,0,1,0,0,0,0,0,1
33.0,0.0,0,5.0,0.0,1,0,1,1,0,0,0,0,0,0,1
28.0,0.0,0,13.0,1.0,1,1,0,0,1,0,0,0,0,0,1
32.0,2.0,0,65.6563,1.0,0,0,1,0,1,0,0,0,0,0,1
26.0,0.0,0,30.0,0.0,1,1,1,0,1,0,0,0,0,0,0
37.0,2.0,0,7.925,2.0,0,0,1,0,1,0,0,0,0,0,1
50.0,0.0,0,28.7125,0.0,1,0,0,0,1,0,0,0,0,0,0
50.0,1.0,0,65.6563,0.0,0,0,1,0,1,0,0,0,0,0,0
28.5,0.0,0,8.1375,2.0,1,0,0,0,1,0,0,0,0,1,0
34.0,1.0,0,21.0,1.0,0,0,1,0,1,0,0,0,0,0,1
28.5,0.0,0,7.8792,2.0,1,1,0,0,1,0,0,0,0,1,0
35.0,0.0,0,65.6563,0.0,1,1,0,0,1,0,0,0,0,0,0
48.0,1.0,3,34.375,2.0,0,0,0,0,1,0,0,0,0,0,1
47.0,0.0,0,38.5,0.0,1,0,1,0,0,0,1,0,0,0,1
28.5,0.0,0,26.55,0.0,1,1,1,0,1,0,0,0,0,0,1
